{
    "faces":[40,0,1,2,0,0,0,0,0,0,40,0,3,1,0,0,0,0,0,0,40,1,3,4,0,0,0,0,0,0,40,5,4,3,0,0,0,0,0,0,40,5,6,4,0,0,0,0,0,0,40,1,4,7,0,0,0,0,0,0,40,7,4,8,0,0,0,0,0,0,40,4,6,9,0,0,0,0,0,0,40,8,4,9,0,0,0,0,0,0,40,9,6,10,0,0,0,0,0,0,40,10,11,9,0,0,0,0,0,0,40,2,1,12,0,0,0,0,0,0,40,12,1,7,0,0,0,0,0,0,40,8,9,13,0,0,0,0,0,0,40,7,8,13,0,0,0,0,0,0,40,14,9,11,0,0,0,0,0,0,40,9,15,13,0,0,0,0,0,0,40,14,15,9,0,0,0,0,0,0,40,16,13,15,0,0,0,0,0,0,40,16,17,13,0,0,0,0,0,0,40,18,7,13,0,0,0,0,0,0,40,12,7,18,0,0,0,0,0,0,40,13,17,18,0,0,0,0,0,0,40,12,18,19,0,0,0,0,0,0,40,12,19,20,0,0,0,0,0,0,40,2,12,20,0,0,0,0,0,0,40,18,17,21,0,0,0,0,0,0,40,19,18,21,0,0,0,0,0,0],
    "uvs":[[0,0]],
    "bones":[{
        "rotq":[0,0,0,1],
        "pos":[0,0,-0],
        "parent":-1,
        "name":"FishRoot"
    },{
        "rotq":[0,0,0,1],
        "pos":[-0.00205393,1.71845e-07,-1.05478],
        "parent":0,
        "name":"FishTail"
    }],
    "metadata":{
        "faces":28,
        "uvs":1,
        "type":"Geometry",
        "generator":"io_three",
        "version":3,
        "bones":2,
        "vertices":22,
        "normals":1
    },
    "vertices":[0.316435,3.1435e-08,-0.263696,0.210957,4.4009e-08,-0.369175,0.158218,6.28701e-09,-0.0527392,0.421914,7.54441e-08,-0.632871,0.263696,9.43051e-08,-0.791088,0.369175,1.19453e-07,-1.00205,0.263696,1.50888e-07,-1.26574,0,6.28701e-08,-0.527392,1.53491e-10,1.2574e-07,-1.05478,1.53491e-10,1.76036e-07,-1.4767,0.158218,1.8861e-07,-1.58218,1.53491e-10,2.5148e-07,-2.10957,0,2.5148e-08,-0.210957,-0.263696,9.43051e-08,-0.791088,-0.158218,1.8861e-07,-1.58218,-0.263696,1.50888e-07,-1.26574,-0.369175,1.19453e-07,-1.00205,-0.421914,7.54441e-08,-0.632871,-0.210957,4.4009e-08,-0.369175,-0.158218,6.28701e-09,-0.0527392,0,0,0,-0.316435,3.1435e-08,-0.263696],
    "skinIndices":[0,0,0,0,0,0,0,0,0,0,0,0,1,0,0,0,1,0,1,0,1,0,1,0,0,0,0,0,1,0,1,0,0,0,0,0,0,0,0,0,0,0,0,0],
    "skinWeights":[1,0,1,0,1,0,1,0,1,0,1,0,1,0,1,0,1,0,1,0,1,0,1,0,1,0,1,0,1,0,1,0,1,0,1,0,1,0,1,0,1,0,1,0],
    "normals":[0,1,0],
    "influencesPerVertex":2
}